ID,Seq
1,TTTCCGGTCCCCTGTAGTCCTGTAA
2,AGTGAAATGTTTACCCCTGTCGTGA
3,TTATGTTTCGTTTCCACTCCCATGA
4,GACATGTCGTATTTCCCGTAAGATA
5,AGCCATTAGTACTTATCCGTCCTTT
6,TCCGGATCATCTTTCCCTGTTCAGC
7,AGAAGCCGGGTCTTTCGTGTCATAC
8,AGATCGTGTGCCACCGAGCCTAAGT
9,TAATTCTAGTGCTGGCCCACGTGAT
10,AGCTTATCCACAAGTGTCAAACCGG
11,TCTTTTGATTCGGTCATCTCTTAAG
12,GTATGTGTCGTCCGATGAATATTCT
13,AGATAGCCAGCATCTTTTCAGCCTT
14,TATCCCGTGAAGCTTGAGTGGAATC
15,TACCGTAATTACCATGGGATGCTTA
16,TTGTCCATTGAATGTCAGTCTGGCC
17,TTCCGAATGTGGCCCGTAGTTTGTG
18,GCTATGAATACTCGTGATTCCCGAA
19,GCTATATATGACACGGTGCAAAGTC
20,TTTAGCTCTTGACCGGGTGCCTACT
21,TCGTTTGTACTAATCTCGTCCCGGG
22,GTCATGTGAGTATGATTATAGCGGG
23,GTATGGTCTCTATCCCTAAATTTCC
24,ACCGTGTGCACTTATGTTAACCCTA
25,AGCTATGACTAGACCCGTTTACATA
26,GCTAATTTTCCACGTGACCCATGCT
27,GCCTATTCCGTCCTTGCTGTATATC
28,TCTTGTCGTGCATAACCCTCTAATG
29,ACAGTGTCGTGGCTCCTCTCCAATC
30,TAACTTCGGAATGTACACTTTGGCG
31,TAGTCTCTTGCTAAGCATGGTCTCG
32,GTGTTCGTGGTATTCTCTTTATCGC
