ID,Seq,Pos
1,CCTTCTCCGGAGTGATGAAC,20
2,CCAAGCCGGAATGTCTCATA,20
3,ACGAGAAGGCAGTCTTCAGT,20
4,TCATAGTTATCCAAGGCTGG,20
5,CGAATGTTCACTACTTGGAA,20
6,AGGCGATACACTCTTAATGT,20
7,GCGTCTTCAGTTCAATAGCA,20
8,CGCAGACTTGCTGACGGCAT,20
9,CCACTTCCAGGATGGAAGTT,20
10,TTGTCAACTAAGCGAGATCG,20
11,TCGCAATGTCGAAGACCACT,20
12,TTACTGTCCGCGCGTAACAA,20
13,ATCTCGATGCAGCTCGCTGA,20
14,AGGTCCTCGACAATGGTTAT,20
15,CACGGTTAAGCGGACTCACT,20
16,GTAACACGCTCAATGGTCAG,20
17,ATTAGTCACTGCGGTCGTGA,20
18,ATTACCAGCGTTAGATGGTC,20
19,CTACTGGCTTCAGGAGCGAT,20
20,CAACGTTCATATTGGCGACA,20
21,CGAGGTTGACTCATCCATGG,20
22,CGATCGACGAGCGATCTCGT,20
23,GTCCAACGATATAATGGTCC,20
24,GCGTCTGGTAGCTATACACC,20
25,GACCAGGTCAGTAGTACGTT,20
26,AGAATCGAGAGTGCTCGTCT,20
27,TGAGAATGTTGCCTCGCCTA,20
28,GGCAGTCACTTGATGCCGAC,20
29,ATGTTCAATCGCGTGTCCAC,20
30,TCCGTGATGAGAGCACATTA,20
31,ACCGTAGGCGTGCGACTAAT,20
32,GACACAGGTCTTCACGTGCA,20
33,CGTACGTTAGGCCAGTTAAG,20
34,CCTAGCGAGTGACGTACCGT,20
35,TACGCGATATTAACGCTGCC,20
36,ACTCGCAGTGCAGTTGTCAG,20
37,CAGGATACATCACGATCTGG,20
38,TGCCGTGCGCGTAAGACTAT,20
39,CTCTATGGCATTCAGGAACG,20
40,TGGACTCGTACAGAGCATCA,20
41,TCAGGAATTCATTCCGAGGA,20
42,GCGAGTCAATGATCCATGGC,20
43,GGCTTAGTTACAAGTCCTGG,20
44,TTGTGGCGTACTAGCATAGC,20
45,CGGCGAAGTAGTTCACGCTC,20
46,ACGTTGCGACATCCTACTTG,20
47,CGGTGGAATCAGAATGTCTC,20
48,AACGTCCGCATATCGTTGGT,20
49,GAGGAATGCGCAACTCGTTC,20
50,TAGTGTCATACGCTAGCCGT,20
51,CCACTAGTCAGCGTGATAGG,20
52,TAGCGCGAGTACTGCAACTG,20
53,GGTAGTACGCCGCGCTAATC,20
54,GTATGGCTACGCGCAGCCTA,20
55,CAAGTAGGCCTAGTAGACCT,20
56,AGGTTATTACGGTACTCCGG,20
57,ATTGCAGAGTCCAGGTATCG,20
58,GTCAGCCGTTAGCGGATATT,20
59,TACAGCCGCGGACAATATTG,20
60,GAGAGGCTACTATAATGCCG,20
61,GTAACTATAGCTGCGCCTCT,20
62,CTGGACTGCGGCTAGCCAAT,20
63,CACTCGGTTAATGCGACTAA,20
64,GATCCGCGTGATCGGTACAA,20
65,GTTCATTCGGACGAATACTC,20
66,CCAGGAGGTACCTGTTCCGA,20
67,TCTAGAGCTTGGACGCACTA,20
68,CTAGTATCAAGACTCGGTAG,20
69,TGGAACCTGTGCTGTGTACA,20
70,CGTTAATTGACATCCGAGGC,20
71,CCAGTTGTGTGGCAGCACAC,20
72,TCCTGTAACACATGCGGATG,20
73,GTGGCAGCGTACTACCTATA,20
74,TGCATCCGGCTAGCTATTAA,20
75,ACTACGTTACGAGTGACGCC,20
76,CTCCACAAGACGAGTTGCTT,20
77,TTAAGTGACCTCACGGTGCG,20
78,TGCGATCACGCATCGGATAC,20
79,TTATGCCATAGGTCTACGAC,20
80,AACATGTCAACCGGTTCGGT,20
81,TATGTGGCACACTGACCTAA,20
82,TATCAGTAGATGAACCTGCG,20
83,TAGACATAGCCGTCGGTCTA,20
84,TAAGGCGGATTCCAGCCATC,20
85,GCTGTAACGTCTCGAAGGAT,20
86,TGTTACAGCTTGCATAGCCG,20
87,GACGTGATTCTCCGCACATA,20
88,ACGCATGGCCACAGTATCGT,20
89,TCACCTAATGACGTACCGAG,20
90,TAGTGCGTACATGCTTACGC,20
91,AAGCTGGTTGGACTATTACC,20
92,AGATAGCGGCTCTATCAGAC,20
93,CCTGTGCGAATCAAGCTGAA,20
94,TCAGTGCCAGATCACTGCAT,20
95,AGTCCATAGGAGGTACGTCC,20
96,CATCAAGAATGCTCAGCGTC,20
97,TAGCCAGCGCTAATCTCAGG,20
98,CTCGTGAGCTAAGTCATATG,20
99,GATATATGACACCTGCTGTC,20
100,AGACGTCTCATGCGTTGCAT,20
101,TTCTACGACGCTGATTCGAG,20
102,GGCATCTGAGCTATCAACGC,20
103,TACGCGTGGTCGGACAATTC,20
104,AATTGTGAGCCTACTGCCAA,20
105,CTGTAACTCCGAACTAGCGA,20
106,CTAAGATTCGTGAAGCCTTG,20
107,CAAGCAACGCTGAGTCTATC,20
108,GGTCCGATCTGAGTCCGAAT,20
109,GAAGCCTCAACCATTATGCG,20
110,CGAACTAACTACTTGTGCGC,20
111,CCGGAATCTAAGAGCTTGGC,20
112,CGCTCTACACATAGAAGTTG,20
113,GATGTATGCAGCATCTCAGT,20
114,TATAATCTTAGGCGTCCAAG,20
115,CTAACGGTCAGTTACGCCGA,20
116,ACTGATCAGAGTTGTTCGCC,20
117,TTGGTACTGCCGACCAAGTT,20
118,CGTAATGCGAGGTCCAGTTA,20
119,AAGGTACTGAATGCCTTCCG,20
120,ACCTTGCCAGTGTAAGTGTG,20
121,CTTCTGGTGGATCTCAAGAG,20
122,CAATATCGGCCTAAGATGGT,20
123,TTGCACCGCAAGTACGTCAG,20
124,GGCGTGCACAGTCTAGAATC,20
125,TGGATTGCCTAGCGATCCTA,20
126,TGATCGACCAATATGCCGCA,20
127,CGGCCATGCATCAGGTAGTT,20
128,GACCTCAGTGGATATCGGCT,20
129,CCTGCCATAAGGTTAGACTT,20
130,CTTCACTAACAGGTGTAACG,20
131,GAGGCGTTGCCACCGTAACT,20
132,CCAGCTGATGCACCAGTATT,20
133,GGACACGATATGATTGACGC,20
134,ATTGTCGCGCGAGATACGTA,20
135,ATGCGCACCTCACAAGGATT,20
136,GACACGTTCTAGAATCGACG,20
137,CTCGAACCAGCGTATATAGC,20
138,AGTAGCAATCGCATTCAGTT,20
139,TCATCGTTGGTACTCCGACA,20
140,GTCAAGTATTGAGCACGCGT,20
141,AGTAGTCGTCGACAGTTCGC,20
142,TATGCCAATGCCAGTACTGT,20
143,GCATTGAGGTATAACCTACC,20
144,CGGTATCATCTACACACGAG,20
145,CAGATTGTCAACCAAGGTGG,20
146,AAGTACGGCCAGCTATCGCT,20
147,TAACATCCGTTGTCTCACGG,20
148,ATCTAGCCTGGTGTGATACG,20
149,TGACTTAGGCCATTATGGCC,20
150,GACGATAAGCACCTTGTAGT,20
151,AAGCCTTGATGGTCACTTGA,20
152,CGTCGGCTCAAGTTAACGTA,20
153,CAGAAGCAGTCAGTCAGGTT,20
154,GAAGGTCTCTCATGAACGCT,20
155,CTTACACTGAACGCTTGGTC,20
156,ATGTCACGTTCTGCCTAGAA,20
157,TATCAAGCGGTACCAGTCCA,20
158,GCGGACCACCGGCATATTAT,20
159,GCCATCTATGGAGGCTTGTA,20
160,AACGGCATAGTCACCGGCTT,20
161,CCGTACAAGGCTTACGTTGG,20
162,GTCGATTACGATACGACCGG,20
163,AGCCGAGGCGACATTGCTTA,20
164,CGGTATAGCGGAGTCAATCC,20
165,TTCCGCGCGAATTGATTACC,20
166,GATCGACCTCGGTGCATACA,20
167,CTCGGTTGGACCAATACGAC,20
